user_id,age,enrollment_months,avg_login_per_month,learning_progress,monthly_fee,support_calls,coaching_sessions,discount_applied,churn
1,56,13,16,37.52599044426663,20000,1,0,0,1
2,46,40,26,53.86956673430391,20000,3,9,0,0
3,32,2,24,52.415917072616224,20000,5,10,0,1
4,60,20,24,84.80477911307719,5000,3,7,0,0
5,25,1,27,83.99639802821825,5000,2,7,1,0
6,38,37,1,83.26804693470432,20000,0,0,0,1
7,56,9,2,1.1031614262465794,5000,3,8,0,0
8,36,17,4,74.95454844688882,15000,5,1,0,1
9,40,9,4,75.86763901110048,20000,4,8,0,0
10,28,11,30,67.83788228551418,5000,0,0,0,0
11,28,15,0,75.62646578914526,8000,1,9,0,0
12,41,24,7,84.19703714967088,20000,2,8,0,0
13,53,38,11,47.03190541017857,20000,1,3,0,1
14,57,35,23,50.20502134884472,15000,5,8,0,0
15,41,30,3,12.471405691139047,12000,5,6,0,1
16,20,31,12,38.53758830473618,12000,1,10,0,0
17,39,5,22,64.33651799117843,15000,0,5,0,0
18,19,44,14,78.03997761472745,15000,1,4,0,0
19,41,14,30,21.720909769121054,15000,3,10,0,0
20,61,11,10,13.78228991592354,12000,1,8,0,0
21,47,9,9,66.30420045004922,15000,2,1,0,1
22,55,34,2,0.18798835249106416,5000,2,10,0,0
23,19,12,21,17.837258430732984,20000,4,1,1,1
24,38,35,13,2.9071380343953734,20000,2,10,0,1
25,50,35,15,16.688511785487094,8000,1,8,0,0
26,29,1,9,18.131927992550523,8000,2,2,1,1
27,39,40,28,38.76735947503942,20000,0,7,0,0
28,61,22,9,40.2327124686556,5000,2,10,0,0
29,42,29,11,87.42624706102377,12000,3,8,0,0
30,44,8,29,51.010971249882516,12000,0,7,1,0
31,59,11,8,72.34047656122863,5000,4,3,0,0
32,45,41,0,10.413735792028744,12000,3,0,0,1
33,33,37,4,22.543875546369385,15000,1,3,0,1
34,32,14,19,70.29434409786768,20000,1,8,1,0
35,64,30,7,5.280396046852809,20000,1,1,0,1
36,61,35,10,48.65976622437531,5000,3,2,0,1
37,20,21,11,59.936896566293385,12000,3,9,0,0
38,54,37,0,60.214564405248105,8000,3,7,0,0
39,24,5,24,2.293281126804203,8000,0,5,0,0
40,38,19,21,32.21080042291855,12000,5,7,0,1
41,26,14,19,63.6490651049154,8000,0,6,1,0
42,56,26,27,14.899973614924345,5000,1,4,0,0
43,35,4,24,69.54156483280532,5000,5,8,0,0
44,21,25,10,74.59252088136745,12000,2,3,0,0
45,42,45,4,98.19691904461453,8000,1,5,0,0
46,31,42,14,20.984199485640943,5000,4,1,0,1
47,26,25,4,82.51306676661152,5000,0,1,0,0
48,43,18,11,52.0296576918654,15000,3,1,0,0
49,19,40,4,37.34625961441734,15000,0,9,0,0
50,37,8,16,12.237675732517793,5000,3,6,0,0
51,45,39,16,73.55056064875376,12000,5,1,1,0
52,64,40,23,23.585759914368708,20000,4,1,1,1
53,24,14,11,37.142200187304574,20000,5,8,0,0
54,61,32,23,6.254222689736844,5000,4,6,0,0
55,25,38,27,80.13669158195191,5000,0,10,0,0
56,64,33,14,76.65885239716434,5000,3,2,1,0
57,52,23,14,73.36158300423125,12000,5,2,0,1
58,31,15,5,29.94435104918867,15000,4,6,1,1
59,34,33,11,17.348007426595725,5000,1,4,0,0
60,53,25,26,63.75532644702297,5000,1,9,1,0
61,57,17,28,49.616638411321944,8000,5,5,1,0
62,21,33,19,17.82524669046416,12000,3,7,1,0
63,19,47,17,68.59112710498637,5000,5,8,0,0
64,23,2,13,99.11264318213037,8000,0,0,0,0
65,59,14,1,74.72195877420377,20000,4,2,0,1
66,21,40,8,73.99863866856118,5000,0,10,0,0
67,46,40,30,95.03127529305917,5000,1,6,0,0
68,35,39,4,20.29363675749022,8000,4,5,0,1
69,43,6,19,56.55499649214404,12000,5,6,0,0
70,61,6,25,97.96467150338835,5000,0,7,0,0
71,51,3,28,16.529411097017455,20000,2,5,0,1
72,27,7,0,70.02519594445211,5000,3,2,0,0
73,53,8,22,58.5810145971902,20000,3,1,1,1
74,31,42,2,58.647909218870694,15000,2,6,0,0
75,48,15,5,69.76706275200752,15000,1,10,0,0
76,32,47,4,92.96169228756843,20000,4,0,0,1
77,25,29,20,78.2581939851338,12000,3,2,1,0
78,31,33,26,5.613610341621,5000,2,10,0,0
79,40,30,4,85.27280198757113,5000,5,3,0,0
80,57,39,0,22.554132992573262,15000,2,0,0,1
81,38,27,16,37.6914164736372,20000,1,4,0,1
82,33,36,18,46.17328136123822,5000,1,9,0,0
83,62,29,13,48.090600075306966,5000,0,2,1,0
84,35,38,11,43.51803992553568,12000,3,1,1,1
85,64,33,9,93.73532942158644,8000,0,2,0,0
86,41,37,19,70.60190076640247,15000,2,7,0,0
87,43,27,20,63.117064595670634,15000,4,5,0,0
88,42,33,17,4.984202778294156,8000,4,6,0,1
89,62,4,23,90.39133302603747,5000,1,5,0,0
90,58,22,26,90.93901920083962,12000,4,5,0,0
91,46,2,10,78.02130634301024,12000,4,2,1,1
92,32,10,29,0.7029203813619156,15000,4,7,1,0
93,62,5,1,5.728025107762336,12000,2,6,0,1
94,18,10,24,22.522370226848977,8000,4,6,0,0
95,42,33,17,13.134940814490669,5000,5,5,0,0
96,24,38,28,39.88360297037295,8000,4,4,0,0
97,26,13,24,92.26230580877896,20000,4,9,0,0
98,41,31,6,47.206043419699824,15000,0,7,0,0
99,18,47,30,1.340262643216561,12000,2,4,1,0
100,61,36,23,28.274568957876202,20000,1,8,0,0
101,25,45,14,4.459490837296154,12000,0,8,0,0
102,41,24,10,3.6287622613502157,5000,3,0,0,1
103,28,15,17,27.571985309555224,5000,2,5,0,0
104,34,29,22,27.56123386789454,5000,5,6,0,0
105,25,8,11,78.7126602601604,12000,2,2,0,1
106,52,5,5,97.4834652781112,20000,3,6,0,0
107,52,29,19,37.12070938899983,5000,3,10,0,0
108,50,47,22,42.88868788610386,20000,3,10,0,0
109,22,4,29,84.47894362860214,12000,1,6,1,0
110,59,12,12,26.813902009551338,20000,4,10,0,0
111,56,45,19,15.638180440344795,12000,2,1,0,1
112,58,2,15,85.30896234036504,12000,4,6,0,0
113,45,27,17,4.650058644006549,15000,4,0,0,1
114,24,31,9,61.96994401994157,12000,5,4,0,1
115,26,36,27,56.199284746680675,12000,3,8,1,0
116,25,36,22,34.59204475016943,8000,1,6,1,0
117,29,26,7,31.5189521097359,5000,5,6,0,0
118,51,43,17,77.18577261816213,15000,0,10,0,0
119,50,27,20,8.642461076254648,15000,1,1,0,1
120,40,5,0,23.67843093113854,15000,4,7,0,1
121,41,20,22,73.24487318380898,8000,1,2,0,0
122,54,11,7,54.83205837264242,12000,3,7,0,1
123,52,10,28,12.798820853358638,5000,0,2,0,0
124,61,40,5,88.213561428206,20000,3,9,0,0
125,57,38,4,39.34478465635915,12000,0,6,0,0
126,39,6,14,82.78683753221728,8000,5,1,1,1
127,44,8,21,78.77130155277086,12000,4,3,0,0
128,52,23,14,62.4425446471728,12000,0,10,0,0
129,18,47,1,49.448113129509295,8000,0,5,0,0
130,52,26,0,97.95508403817568,15000,0,10,0,0
131,54,46,22,14.496507237981703,15000,1,8,0,0
132,64,43,22,72.51557275511148,5000,5,4,0,0
133,31,12,25,19.1190701464789,5000,1,8,1,0
134,20,26,10,33.82631053323484,15000,4,4,0,1
135,18,13,9,30.869874337319526,20000,0,9,0,0
136,22,40,29,94.7035987738723,12000,5,7,0,0
137,43,18,17,96.73561777882752,20000,5,0,0,1
138,31,25,17,18.301544423472716,12000,2,6,0,1
139,56,33,16,2.2035160297504186,15000,4,3,1,1
140,44,47,25,72.00080396631131,5000,5,4,0,0
141,26,40,7,41.798993387048434,5000,0,5,0,0
142,32,43,14,8.884024508756438,20000,0,4,0,1
143,32,12,7,68.37541055770426,5000,5,0,0,1
144,43,44,16,54.51055282606997,15000,1,8,1,0
145,59,36,11,98.0516822001106,20000,4,1,1,1
146,30,4,26,22.740949586137894,12000,0,8,0,0
147,49,5,7,40.397787632654826,5000,5,9,0,0
148,56,37,24,54.254580339542294,8000,0,1,0,0
149,49,8,13,79.16999884533517,5000,5,8,0,0
150,21,42,3,54.88386567200587,12000,4,5,1,0
151,47,28,0,61.29001608619492,20000,5,10,0,0
152,54,31,0,22.614705158994074,12000,2,8,0,0
153,40,9,18,84.69187280885599,8000,5,5,0,0
154,56,29,30,42.86305469704757,15000,5,5,1,0
155,62,14,15,14.095962752176927,5000,4,10,0,0
156,32,40,13,66.41879145054173,20000,5,1,0,1
157,60,41,20,21.60904531853075,15000,4,7,0,0
158,46,22,15,9.756251023929973,12000,2,2,1,1
159,53,11,4,86.19869084042723,20000,4,6,0,0
160,30,23,8,46.016226448843966,15000,0,4,0,0
161,49,1,25,74.92837126957764,20000,4,2,0,0
162,24,46,29,29.05875598063551,8000,2,0,0,0
163,39,37,27,78.69701349176663,8000,3,7,0,0
164,45,21,1,11.193592702153033,5000,5,2,1,1
165,19,26,17,35.597337379485275,5000,4,1,0,0
166,59,46,5,97.80618179735285,8000,5,0,0,0
167,62,36,30,79.39897163680061,20000,1,3,0,0
168,23,23,8,49.72559303146882,8000,0,7,0,0
169,45,1,0,33.97774715618851,5000,0,2,1,0
170,45,40,8,87.21357000224765,8000,1,0,0,0
171,61,15,24,54.48477590845157,8000,1,3,0,0
172,61,21,15,75.84250178691111,20000,4,8,0,0
173,37,47,12,75.4107680316164,15000,1,0,0,1
174,47,9,8,1.794567856849183,5000,3,10,0,0
175,28,9,20,12.625378279261346,20000,5,1,0,1
176,45,10,12,65.96293663947422,8000,5,8,0,0
177,42,26,30,16.161981128587144,8000,2,1,0,1
178,56,41,8,25.54933446556047,15000,1,2,0,1
179,50,35,10,94.66379541996072,5000,1,6,0,0
180,18,25,3,56.01822583749119,5000,3,2,1,1
181,44,26,1,75.07295069993472,12000,0,8,0,0
182,30,11,28,55.798073878263985,5000,0,5,0,0
183,58,38,5,55.25136147827252,15000,5,2,0,1
184,20,2,13,9.41519101256979,12000,5,8,0,0
185,56,7,3,34.3663192609103,12000,4,0,0,1
186,23,18,5,28.24308986865117,8000,3,9,0,0
187,25,27,18,39.07283656136132,8000,2,2,0,0
188,44,34,5,79.83441882243282,5000,2,0,1,0
189,26,27,1,37.19326679168648,12000,3,1,0,1
190,54,17,17,45.16968192316827,8000,2,7,0,1
191,50,43,12,39.73813904853165,15000,0,6,0,0
192,59,44,8,9.340797197529561,8000,2,1,0,1
193,61,24,22,44.10721582507837,8000,2,1,0,0
194,41,25,18,19.560927304451504,12000,3,8,0,0
195,32,7,12,18.672329577304147,12000,3,5,0,1
196,49,6,10,9.403610443426636,20000,2,4,1,1
197,49,24,0,35.667097414176475,15000,1,9,0,1
198,41,33,23,75.74818847894174,12000,3,5,0,0
199,58,29,29,27.644169058339607,5000,4,8,1,0
200,29,43,21,31.234910188551357,15000,4,10,0,0
201,56,22,6,64.26746576724236,15000,0,6,0,0
202,19,26,24,19.58408125869189,12000,2,9,1,0
203,20,28,20,89.69579304235343,15000,1,9,0,0
204,54,21,14,52.01905232515544,12000,0,8,1,0
205,34,7,0,44.7602940320217,8000,2,3,0,1
206,19,17,11,55.78201919292014,20000,3,1,0,1
207,19,20,25,16.603431341619547,8000,4,7,1,0
208,45,41,6,61.34731386391763,12000,5,3,0,1
209,40,20,14,36.31007366340104,12000,1,8,0,0
210,54,22,20,89.7186340964619,8000,5,3,0,0
211,49,28,18,16.885420667768614,5000,4,7,1,0
212,50,40,27,50.705110386544106,5000,5,8,1,0
213,18,7,28,59.8112629369018,5000,3,8,0,0
214,36,1,24,3.3383601786381223,12000,2,9,0,0
215,19,32,0,36.369312475614024,15000,3,3,1,1
216,61,13,16,73.26352347008329,12000,5,0,0,1
217,43,30,16,82.03775074489734,15000,3,2,0,1
218,49,23,2,31.316199481728233,8000,4,8,0,0
219,23,19,11,79.85932723827513,20000,1,3,0,0
220,49,32,5,96.77558771033888,15000,3,4,0,0
221,21,30,25,85.6873936075094,5000,4,6,0,0
222,28,29,10,11.76439881593252,12000,1,4,0,1
223,34,45,2,73.97303320855406,8000,2,3,1,0
224,55,29,7,31.966683244054472,5000,5,1,0,1
225,41,30,13,98.84159894120765,8000,2,1,0,0
226,22,16,13,48.53589831598871,20000,0,3,0,1
227,51,40,9,12.243389835894103,12000,4,9,0,0
228,23,19,1,72.51855480273908,12000,1,9,0,0
229,39,18,13,32.30111983862138,20000,3,8,0,0
230,28,1,8,99.70781570816617,12000,2,7,0,0
231,33,14,2,97.97824578545219,15000,1,2,1,1
232,50,47,20,65.61340180205806,8000,4,8,0,0
233,26,2,25,12.982644895171758,5000,0,4,0,0
234,23,28,7,68.68609976750291,20000,2,10,0,0
235,33,30,15,9.30304864600272,15000,5,2,1,1
236,46,38,1,2.9364159102392318,5000,1,4,0,0
237,20,4,5,82.2958446221486,5000,5,9,0,0
238,37,1,27,20.975294768368137,20000,1,3,0,1
239,53,8,20,37.90271262190974,15000,1,7,0,0
240,36,29,28,97.34573899761732,5000,4,4,0,0
241,43,39,25,33.684050186110326,5000,4,9,0,0
242,20,3,24,29.648978128331528,15000,4,7,1,1
243,36,32,11,91.82079996227752,12000,3,8,1,0
244,37,10,4,11.074844531895812,5000,1,3,0,0
245,49,10,1,75.95824101146317,8000,2,6,1,0
246,24,19,15,98.8065566652774,15000,5,1,0,1
247,58,46,4,90.12960107746488,5000,4,5,0,0
248,50,34,14,65.1667918706426,20000,4,7,0,0
249,57,33,11,31.406079499273197,8000,5,6,0,1
250,56,23,3,25.43219811783167,5000,5,6,1,1
251,35,28,14,81.92551048714611,8000,1,7,0,0
252,57,32,10,87.98219139516952,8000,4,6,0,0
253,18,7,15,52.54349125456928,12000,5,4,0,0
254,28,29,22,24.433994078646613,8000,3,6,0,0
255,45,8,5,11.294320841117356,12000,3,9,0,1
256,42,1,13,8.717946783183116,15000,4,2,0,1
257,40,3,17,71.90774473538556,12000,5,4,0,0
258,48,24,11,42.0118727847725,20000,1,6,1,0
259,47,23,26,90.53598742778703,5000,1,8,1,0
260,59,8,10,73.96713007267637,15000,1,1,0,0
261,52,47,12,19.12604179145867,15000,0,3,1,1
262,24,37,20,61.377741881569904,20000,4,6,0,1
263,33,3,22,43.550545439815934,12000,1,0,0,0
264,43,33,10,57.72497307686131,5000,3,1,0,0
265,19,28,22,73.80691233385171,12000,5,8,0,0
266,18,47,15,80.61958810037908,8000,2,9,0,0
267,29,8,14,84.37373264067243,12000,2,6,0,0
268,22,34,20,25.397487457202473,15000,1,9,0,0
269,54,35,27,3.1115599917357684,5000,2,6,0,1
270,49,32,14,73.92947351647732,12000,2,5,0,0
271,26,24,24,10.634372625577459,5000,0,2,0,1
272,58,14,3,31.491958861296766,5000,3,9,0,0
273,52,32,10,0.38171341243471435,8000,3,2,0,1
274,36,46,18,68.166948240162,8000,0,1,0,0
275,33,43,14,16.713201147122124,15000,0,10,0,0
276,20,16,3,65.52824096916582,20000,2,5,0,1
277,37,4,20,99.17426171678389,5000,4,3,1,0
278,41,37,12,7.267087161001628,20000,5,4,0,1
279,50,21,21,7.707801195146069,15000,5,2,0,1
280,41,14,18,34.03800926666749,5000,2,5,0,0
281,28,31,1,86.6386514251342,5000,5,10,1,0
282,25,18,13,21.552986879133186,20000,0,2,0,1
283,53,7,28,36.037781993034756,12000,3,7,0,0
284,55,10,3,6.8505406626979575,8000,5,8,1,1
285,57,7,15,76.31552912588894,12000,2,3,0,0
286,37,33,20,40.83063427594511,20000,4,8,0,0
287,52,23,19,75.92487330608428,8000,2,6,0,0
288,42,21,13,90.3607844346795,12000,1,2,0,0
289,52,19,26,23.276314710128876,8000,2,6,0,0
290,42,19,28,80.73960303399514,5000,0,0,0,0
291,46,36,14,5.909389007825327,12000,3,2,0,1
292,35,29,27,89.88473881802473,8000,3,5,0,0
293,63,18,2,65.07685475587473,8000,5,3,0,1
294,35,2,7,87.42267241383516,8000,0,6,0,0
295,19,1,15,0.018839955658189744,12000,1,2,0,1
296,52,47,9,16.90810703559925,15000,0,0,1,1
297,33,5,3,38.975938742649205,12000,2,8,0,1
298,58,20,29,37.950290337471856,20000,0,5,1,0
299,53,11,17,22.673038292351066,12000,0,7,0,0
300,50,42,1,38.16119398672001,8000,1,2,0,0
301,21,2,16,12.884871200025483,5000,2,7,0,0
302,50,3,12,41.27611292660261,12000,4,1,0,1
303,31,23,3,80.23543291592642,12000,4,3,0,1
304,38,12,25,47.90700631033512,8000,3,2,0,1
305,37,20,24,1.8000088945214987,5000,5,9,1,0
306,25,5,29,42.14440415792474,5000,0,0,0,0
307,24,37,10,2.717501609084416,20000,3,6,0,1
308,20,38,6,96.62434107067982,12000,1,10,0,0
309,34,30,30,12.745395942286898,5000,4,9,1,0
310,50,9,11,70.76883263306188,5000,0,1,0,0
311,29,34,9,97.27763228920858,15000,1,3,0,0
312,39,44,6,82.60390516665719,15000,5,8,0,0
313,39,35,12,69.93153751262037,5000,1,5,0,0
314,63,22,30,83.9460909500767,20000,0,7,0,0
315,47,44,6,98.17986932606276,5000,5,1,0,1
316,55,24,30,62.13444972535296,8000,1,6,0,0
317,55,17,23,55.918480682932646,12000,5,5,0,0
318,62,10,16,62.82381104632814,20000,0,8,0,0
319,25,30,9,53.2675886761555,8000,0,6,0,0
320,44,46,28,63.50891059097188,20000,5,0,1,1
321,44,23,9,44.98422079725592,8000,2,7,0,0
322,51,32,23,21.84431828833071,12000,3,10,0,0
323,38,17,3,12.024722651167563,12000,1,9,0,0
324,47,17,19,6.834093553226039,15000,1,2,0,1
325,50,14,3,26.331578375320007,8000,2,1,1,1
326,45,9,21,4.6123564335733835,15000,2,2,0,1
327,64,40,6,56.71707799193856,8000,2,10,0,0
328,50,2,21,28.382844702352028,15000,4,5,0,0
329,22,45,0,82.45348080870322,12000,4,2,1,0
330,36,25,11,7.424087298838645,20000,5,9,0,1
331,21,39,23,22.635149434148595,15000,4,4,0,0
332,52,9,12,73.02461470901459,8000,0,5,1,0
333,34,22,9,59.88082963834914,8000,5,7,0,0
334,61,43,14,6.449127124916753,12000,1,6,0,1
335,45,46,26,87.72394571622004,8000,3,10,0,0
336,47,4,12,87.72617628261796,5000,0,7,0,0
337,46,26,22,33.040800387577384,20000,1,2,0,1
338,63,29,21,34.04058433495647,15000,1,3,0,1
339,23,45,21,98.90283583501738,20000,5,5,1,0
340,52,34,20,62.61761715931382,12000,2,10,0,0
341,58,23,21,53.13165205680591,15000,2,6,0,1
342,54,37,27,83.81521835519244,15000,0,8,0,0
343,41,11,8,28.529033835731642,5000,2,0,0,1
344,46,6,25,42.91825933963569,12000,1,7,0,0
345,63,18,8,26.777667548833417,8000,2,7,0,0
346,48,21,14,78.91608465887315,5000,4,5,0,0
347,52,42,9,57.3349345635218,5000,2,3,0,0
348,50,36,23,65.88250701400705,20000,1,2,1,1
349,38,41,25,25.230724983940654,20000,5,10,1,0
350,49,38,24,22.02253013773151,20000,0,2,0,0
351,40,34,28,48.83746289829387,5000,3,5,0,0
352,50,17,9,73.75657490928268,8000,2,7,0,0
353,20,37,7,52.523975752016014,15000,1,6,0,0
354,35,25,23,3.2645677545668605,20000,3,10,0,0
355,42,38,15,86.85515063202888,8000,3,0,0,0
356,59,12,16,6.468689351513158,12000,4,10,0,0
357,48,23,25,95.58244837207522,20000,3,5,0,0
358,20,42,26,2.5141958277272725,15000,5,6,0,1
359,57,22,4,69.44504561307087,12000,1,6,0,0
360,63,21,3,8.220706371178165,12000,1,8,0,0
361,41,27,17,91.06765794351396,15000,2,10,0,0
362,49,31,23,46.443323622554274,20000,2,10,0,0
363,64,6,18,13.752377481701538,5000,2,9,0,0
364,39,27,3,34.08156997898466,15000,5,4,1,1
365,40,40,27,16.482467534676204,15000,3,0,0,1
366,19,34,6,17.058191155709,15000,3,1,0,1
367,44,12,9,94.81083201714422,12000,4,3,0,0
368,59,45,24,44.52461122847882,8000,5,4,1,0
369,19,7,17,78.88022639053595,5000,2,8,0,0
370,43,10,18,63.960556117768185,20000,0,10,0,0
371,34,45,3,67.64263623383923,20000,4,0,1,1
372,57,17,9,13.169343847203852,8000,0,2,1,1
373,50,26,0,23.418444681548568,15000,3,4,1,1
374,26,21,22,78.67503351544369,5000,4,2,1,0
375,60,28,17,97.0766206474783,20000,4,3,1,1
376,56,46,4,26.26756425986517,20000,1,2,0,1
377,46,2,14,27.156876475103985,15000,3,3,0,1
378,59,43,16,47.289713281090485,8000,3,0,0,0
379,43,1,2,98.38403128554378,5000,5,7,0,0
380,52,36,11,26.895894582647106,8000,4,3,0,1
381,42,26,1,40.69719096342639,8000,3,6,0,1
382,41,29,0,89.14800156235067,5000,4,1,0,0
383,30,21,22,0.29210326213620075,5000,5,1,0,1
384,24,11,20,3.9765964988569547,20000,5,5,0,1
385,53,40,16,60.40716770712192,20000,1,1,0,1
386,62,11,21,90.7380164712847,5000,4,5,0,0
387,37,36,15,23.885666040192767,12000,3,10,0,0
388,18,39,4,46.9641774680709,20000,3,1,0,1
389,25,40,14,45.04653016578183,12000,4,3,0,1
390,63,35,2,47.297134609551016,5000,4,6,0,0
391,33,34,27,62.25196957297452,20000,4,7,0,0
392,31,47,6,46.974376299068375,8000,2,2,0,0
393,29,24,10,44.74681413224578,5000,3,8,0,0
394,40,22,9,47.42884204312605,15000,5,1,0,1
395,32,5,8,59.086744127104154,12000,3,7,1,0
396,45,33,13,53.70074883513583,5000,2,7,0,0
397,51,36,12,85.41359976505044,5000,4,3,0,0
398,19,47,28,4.9496853493666615,20000,1,0,0,1
399,49,20,24,83.33170714730124,20000,4,0,0,1
400,40,19,29,84.3924612611724,20000,4,1,0,0
401,39,35,24,28.490802153096084,15000,2,8,0,0
402,42,43,1,46.285195501585065,20000,3,1,0,1
403,39,17,2,43.85384885374355,5000,4,1,0,1
404,39,45,6,21.850983435413028,20000,3,5,0,1
405,59,43,20,39.67968470863165,8000,0,6,0,0
406,23,34,17,4.438777217085443,20000,5,6,0,1
407,32,9,2,27.782207278173445,15000,3,8,1,0
408,60,26,9,81.66821754507181,8000,1,5,0,0
409,54,2,21,28.456230176289754,5000,5,7,0,0
410,50,9,28,81.82066687482475,5000,1,10,0,0
411,25,9,6,53.15994646044309,12000,4,5,0,0
412,61,40,8,87.98626773611599,8000,5,1,0,0
413,61,17,16,57.47795542644152,12000,3,0,0,0
414,22,1,10,2.966822306473982,8000,5,4,1,1
415,56,25,6,67.54202075470891,8000,4,8,0,0
416,21,43,23,4.485356802356866,15000,2,7,1,0
417,23,40,27,45.0597018983134,12000,1,3,0,0
418,62,42,13,92.9426694473114,15000,4,4,1,1
419,49,25,18,16.520393933785016,8000,2,4,0,0
420,47,39,3,38.98723529415441,5000,5,5,0,0
421,64,35,25,72.98603088484784,8000,5,2,0,0
422,52,3,5,88.22585560948475,15000,4,4,0,1
423,57,37,9,67.09430047425079,12000,3,1,1,1
424,33,44,6,25.81732541911692,12000,5,9,0,1
425,30,44,12,67.46078529162162,15000,3,0,0,0
426,59,30,13,29.672764110409,12000,3,10,0,0
427,47,38,3,71.84292298187353,20000,3,0,0,1
428,36,34,7,95.40331275850406,5000,0,9,0,0
429,34,12,4,72.13934511062882,5000,2,6,0,0
430,36,19,0,86.28805029124123,5000,2,1,0,0
431,45,37,3,0.2103843175883413,12000,5,3,1,1
432,43,44,2,71.75721247315944,12000,5,4,0,0
433,54,17,8,82.95875568652504,8000,3,6,0,0
434,43,10,7,4.055873754468142,8000,0,1,0,1
435,40,47,0,87.15977272882306,5000,3,5,0,0
436,26,12,26,25.669422831004585,20000,0,0,0,1
437,29,16,5,66.52921019780553,8000,3,6,0,0
438,18,24,8,80.03548790234066,8000,1,8,0,0
439,18,19,6,66.26645130593555,12000,1,4,0,0
440,64,8,3,9.228479207325723,20000,4,4,1,1
441,51,31,12,59.63215188603683,5000,3,3,0,0
442,49,21,16,54.95836567221436,8000,5,2,0,1
443,42,17,27,90.03212680742715,20000,2,8,1,0
444,57,23,1,40.42397296442092,20000,4,4,1,1
445,62,37,27,32.108109708705015,5000,5,7,0,1
446,18,16,4,74.98507644364662,20000,1,8,0,0
447,33,6,11,41.267532608339664,20000,3,4,0,1
448,56,8,26,64.6096175005063,20000,4,9,1,1
449,22,25,20,64.64500901246069,8000,3,8,1,0
450,39,18,7,88.80390643601179,5000,1,1,0,0
451,46,25,5,59.869240231909735,20000,4,8,0,0
452,20,12,7,50.21536099619869,20000,1,10,0,0
453,29,15,17,13.8871326396517,8000,0,3,0,0
454,43,26,2,11.573760667870536,5000,1,5,0,0
455,33,41,21,15.432156528307939,12000,3,5,0,1
456,54,45,11,17.18484813270945,8000,2,5,1,0
457,39,26,28,63.78770926636339,5000,1,1,0,0
458,46,47,25,74.09812502745785,20000,5,6,0,0
459,31,32,2,52.999152292641874,5000,2,5,0,0
460,45,10,21,82.9017732545491,5000,0,10,0,0
461,22,16,5,99.12632267336332,5000,4,0,0,0
462,64,7,1,82.0012629119356,12000,4,1,0,1
463,47,17,22,69.48823736759591,5000,2,6,0,0
464,63,23,11,53.24926994371466,12000,4,0,1,1
465,22,26,1,44.88530716747082,20000,1,0,0,1
466,29,21,5,8.439238054454234,12000,2,0,0,1
467,33,22,16,39.93687483946909,20000,3,7,0,1
468,43,7,2,91.01346367821343,20000,1,3,0,1
469,43,14,1,80.8022629906553,12000,1,3,0,0
470,38,15,22,21.60513650116872,8000,1,1,0,1
471,56,7,29,46.660778469721585,15000,3,10,0,0
472,53,9,19,81.67232025585446,5000,0,10,0,0
473,50,8,7,6.738455478552252,15000,5,10,0,0
474,47,23,21,38.73925856686593,5000,4,0,0,1
475,54,29,11,85.18412368739476,5000,2,9,1,0
476,40,18,25,40.389786417012374,20000,0,8,1,0
477,27,31,3,7.761464473144086,5000,2,6,0,0
478,22,30,4,54.253436853225146,5000,4,3,0,1
479,53,39,12,86.17424949182954,12000,3,5,1,0
480,51,35,28,59.02855429531597,15000,1,1,0,0
481,48,18,30,22.627910821423182,12000,1,6,0,0
482,27,42,14,38.423962013738134,5000,3,1,1,0
483,36,39,24,45.01233611819322,20000,0,9,0,0
484,49,17,22,57.92663538205268,12000,0,7,1,0
485,18,14,15,75.93510257526131,12000,2,7,1,0
486,22,31,9,9.88736176406354,8000,3,0,0,1
487,62,24,29,88.96520330175663,5000,0,7,1,0
488,21,35,29,1.230970301607559,20000,3,1,0,1
489,33,44,24,37.005233467425526,12000,4,5,0,0
490,41,45,22,2.7420309972657653,12000,1,0,0,1
491,33,34,15,39.297422534529126,20000,1,4,0,1
492,19,3,11,52.58125988733238,5000,1,10,0,0
493,45,37,16,51.16813865815117,8000,3,6,0,0
494,49,43,15,16.562834702826535,12000,3,9,0,0
495,44,40,11,64.57405100956123,8000,2,0,0,1
496,37,26,7,4.477845050466822,15000,1,1,0,1
497,41,23,19,76.19068201324154,5000,2,6,0,0
498,29,44,2,94.66444339935462,15000,1,5,1,0
499,52,39,15,33.97688271511179,15000,2,2,1,1
500,50,15,29,51.72393817143319,15000,2,9,0,0
501,50,4,12,37.891027805881436,5000,4,1,1,1
502,60,29,22,0.6710390304059954,5000,2,9,0,0
503,54,22,27,38.587450289511594,20000,3,3,0,1
504,29,25,18,79.17202592613465,8000,2,2,0,0
505,20,13,7,59.59888421834818,8000,1,6,0,0
506,18,18,21,10.125991461515893,20000,2,7,1,0
507,50,33,4,84.7139489693785,20000,0,1,0,1
508,57,16,19,53.108534488524285,15000,5,9,0,0
509,27,45,7,84.17233617446762,20000,1,6,0,0
510,60,42,23,58.02215187850294,12000,0,7,0,0
511,61,44,11,55.96884448379399,8000,1,5,0,0
512,46,2,0,10.52591851970124,20000,3,5,0,1
513,30,35,24,16.735973313862797,12000,5,9,0,0
514,29,42,29,97.20252564965911,12000,5,0,0,0
515,48,34,20,22.848674675477078,12000,3,3,0,0
516,63,30,19,97.7452117990368,12000,5,0,0,1
517,19,13,5,53.19127065242634,15000,3,3,0,1
518,52,13,21,13.578904706393713,12000,0,1,0,1
519,40,18,17,9.930220275369294,15000,4,10,0,0
520,34,32,7,20.886407070574,15000,1,4,0,1
521,43,32,6,92.56373300253358,12000,3,9,0,0
522,25,35,0,41.41502243282268,8000,1,8,0,0
523,46,39,20,39.54342679929144,12000,0,10,1,0
524,43,46,15,31.320626107017404,12000,4,9,0,0
525,27,29,11,14.706185056658839,12000,0,2,0,1
526,43,29,5,48.78511971924064,8000,5,7,1,0
527,51,44,19,13.00477825111387,5000,1,2,0,0
528,58,16,1,83.54802363823276,5000,4,5,0,0
529,24,44,28,37.03969862753065,15000,5,3,0,1
530,21,47,13,37.48035677817963,15000,4,7,0,0
531,62,10,3,47.40064284831559,8000,5,10,0,0
532,28,30,0,44.41277131657516,20000,0,5,1,1
533,46,25,22,99.48579730593215,5000,3,7,0,0
534,53,39,17,54.53811212183025,15000,1,0,0,1
535,42,20,12,8.820170378987068,5000,2,5,1,0
536,38,5,1,60.687734157692994,8000,2,0,1,1
537,53,1,8,15.158429286987996,8000,0,0,0,1
538,27,30,20,3.0937644731341973,20000,1,7,0,1
539,54,3,1,97.07421536772482,20000,1,6,1,0
540,26,45,26,77.3538891534564,8000,0,2,0,0
541,41,14,24,98.01089924137669,15000,1,5,0,0
542,52,30,8,47.78784480222424,5000,3,8,1,0
543,52,4,0,53.225753114897614,12000,0,6,0,0
544,53,18,10,16.833695591913024,20000,3,2,0,1
545,35,37,2,24.69074266675856,12000,1,5,0,1
546,56,25,19,83.85492149028282,15000,0,10,0,0
547,49,1,29,35.61856471175942,20000,1,3,0,1
548,41,46,22,82.6814973796419,12000,0,2,0,0
549,40,15,25,70.90137242870318,15000,1,8,0,0
550,49,9,3,17.71709252718655,5000,3,9,0,0
551,54,15,17,50.744636611974215,15000,3,1,0,1
552,29,24,22,67.73873215187169,20000,1,0,0,0
553,30,4,5,23.50372148038251,8000,0,1,0,1
554,40,12,2,83.06885105200769,5000,2,6,0,0
555,42,37,21,54.48276575451868,12000,3,9,0,0
556,52,37,10,16.52420504426032,20000,3,0,0,1
557,58,43,14,58.29844261646024,8000,5,5,0,0
558,47,6,21,99.9713804155914,15000,2,6,1,0
559,34,39,27,15.052149166341355,8000,1,8,0,0
560,37,46,4,81.67569301195282,20000,0,7,0,0
561,42,24,19,20.730900318755797,20000,5,5,1,1
562,39,11,9,78.23883294600873,8000,1,2,0,0
563,30,13,11,73.45779231214132,15000,4,7,0,1
564,36,34,14,30.048938560043236,8000,3,6,0,0
565,53,25,16,32.58231175644498,20000,4,2,0,1
566,29,7,9,79.25213919629192,20000,3,8,1,0
567,58,4,5,46.14455118873126,12000,3,1,0,1
568,36,8,17,73.08180287118088,12000,4,2,0,0
569,29,20,12,14.798414736583476,5000,4,1,0,1
570,26,29,2,85.25577819015535,20000,1,0,0,1
571,24,45,29,71.08847166823192,12000,5,3,0,0
572,45,46,23,90.69428088348339,8000,5,4,0,0
573,31,10,9,13.237237903497245,15000,4,5,0,1
574,48,43,29,59.30145003605977,8000,1,4,0,0
575,36,34,13,59.912058504032515,15000,5,0,1,1
576,64,26,5,35.34607405467825,12000,1,2,1,1
577,33,41,2,45.84664245692578,5000,1,0,0,1
578,22,3,15,3.798156328985347,8000,3,10,0,0
579,52,6,6,74.5860038627012,8000,5,4,0,1
580,29,5,19,54.9322479403174,8000,5,4,0,0
581,42,5,13,5.774105186917378,15000,3,10,1,0
582,38,47,8,68.07558929604855,12000,4,5,0,0
583,53,23,14,46.67820772311879,8000,3,7,0,0
584,40,9,20,3.4461259425,8000,5,9,1,0
585,33,35,2,96.96077268480954,5000,5,0,0,1
586,56,20,1,94.91121430894405,5000,4,3,1,0
587,62,42,26,51.290241614719754,12000,3,9,1,0
588,59,35,1,9.36724207059102,12000,0,10,0,0
589,56,18,2,75.46212215985918,20000,0,0,0,1
590,31,17,17,49.1931100105729,5000,4,8,1,0
591,48,24,13,30.24474782893799,20000,3,10,1,1
592,22,3,19,49.14181775285568,15000,3,6,0,1
593,52,32,17,52.244414540546444,20000,1,6,1,0
594,40,35,9,56.27116990223392,8000,5,4,0,0
595,46,38,24,44.12237136553265,20000,2,6,0,0
596,60,13,1,60.575530313905666,12000,4,1,1,1
597,28,47,24,91.87347106063774,15000,2,3,0,0
598,35,25,28,36.226808709859114,8000,2,6,1,0
599,64,9,21,72.5716463219949,20000,4,2,0,1
600,29,4,0,89.44525568242322,15000,3,1,0,1
601,26,14,3,45.597927575993694,15000,4,9,0,0
602,27,37,30,44.34558363819041,8000,2,1,0,0
603,61,34,13,60.21169853547795,20000,5,0,0,1
604,34,11,0,59.14067594224881,15000,5,4,0,1
605,55,41,13,80.6589342326277,15000,5,5,0,1
606,24,3,15,47.64833837782927,5000,3,5,0,0
607,63,28,21,99.61229496394411,15000,0,8,0,0
608,30,29,13,5.947156886728077,5000,4,3,1,1
609,57,9,28,0.31678485807017376,20000,5,0,0,1
610,59,3,19,64.01983115596238,20000,4,5,0,0
611,26,25,2,29.84349123618767,20000,5,4,0,1
612,44,34,2,24.03823886994838,12000,3,9,0,0
613,19,12,8,31.189908000428048,20000,0,5,0,0
614,22,42,5,25.60475651049543,15000,0,2,0,1
615,46,9,24,3.079004966044785,8000,5,1,0,1
616,54,15,12,97.15330423905887,5000,3,5,0,0
617,55,40,20,22.074548845278173,12000,1,0,1,1
618,36,25,1,73.40297625893064,20000,4,6,0,1
619,25,5,7,76.25963946941752,20000,4,6,0,0
620,62,11,20,92.92573980072292,8000,2,9,0,0
621,18,34,1,3.0549457093379973,8000,3,6,0,1
622,39,24,3,87.20483384470077,12000,2,10,0,0
623,34,15,24,52.722618083980024,5000,5,9,0,0
624,24,38,14,63.25441099658279,20000,2,0,0,1
625,42,8,3,64.44702771210336,12000,0,3,0,0
626,62,5,12,81.97978049847275,15000,4,6,0,0
627,21,26,27,33.34073221591105,15000,2,10,0,0
628,53,18,11,73.30511898599934,12000,0,8,0,0
629,23,6,27,52.85781097221971,20000,3,4,0,0
630,48,37,12,79.33940143053478,12000,2,1,0,1
631,36,13,30,99.05460327701334,20000,5,6,0,0
632,61,28,13,20.06510174037612,8000,5,9,0,0
633,56,5,19,99.46486415599979,12000,5,0,0,0
634,44,13,17,8.9812154282774,20000,4,6,0,1
635,27,17,28,0.23175479048138659,12000,2,5,0,0
636,43,40,27,4.416193617783126,12000,3,6,0,0
637,36,45,30,34.17824047367617,20000,2,9,0,0
638,56,32,5,63.290633067843416,20000,4,2,0,1
639,20,29,28,6.902954088784963,5000,0,2,0,0
640,62,3,10,0.566581452956727,12000,4,6,0,1
641,30,40,29,93.70910284587947,15000,5,1,1,1
642,45,34,1,82.19266359399296,12000,0,0,0,1
643,37,40,27,80.9183171139031,12000,5,8,0,0
644,45,27,22,88.4424275501977,20000,1,8,1,0
645,25,13,18,70.00342727721043,12000,4,6,1,0
646,58,45,30,10.440412974808144,12000,4,6,0,1
647,56,33,18,39.9100188073723,15000,3,2,0,1
648,18,6,4,72.31494864646295,20000,2,9,0,0
649,20,24,18,28.033446079152093,12000,0,1,0,1
650,30,19,1,68.74063641362376,8000,0,10,0,0
651,45,16,9,2.449844826765235,5000,3,6,0,0
652,42,40,24,30.613734087959322,15000,3,8,0,0
653,50,28,1,54.91303362771727,12000,2,0,1,1
654,55,33,29,63.208982950624225,8000,5,3,1,0
655,23,41,10,57.704066446191085,12000,2,5,0,0
656,61,13,17,69.77562760734295,12000,4,6,0,0
657,62,43,28,0.608874823983907,20000,5,9,0,0
658,49,45,30,10.094119997752149,20000,1,6,1,0
659,62,25,23,86.89442522791451,20000,2,9,0,0
660,64,42,14,68.17486440901612,8000,3,1,0,1
661,38,36,8,11.29316426860113,12000,5,3,0,1
662,33,27,22,84.20744373985792,5000,2,4,0,0
663,38,38,18,24.22312178245669,15000,0,0,0,1
664,28,7,8,47.825988419522346,20000,1,0,0,1
665,54,5,2,14.51965128846603,20000,4,9,0,0
666,53,43,20,71.01100564217066,12000,0,2,0,0
667,52,45,8,66.68544210142679,12000,0,9,0,0
668,36,31,27,21.11124711661362,8000,1,2,0,0
669,37,23,29,86.34007668570018,8000,4,7,1,0
670,35,42,13,40.13060242197122,20000,3,8,1,1
671,64,10,18,29.25150910707418,12000,5,10,1,0
672,58,32,6,15.232958946453545,5000,4,0,1,1
673,31,43,15,26.616801251553746,15000,2,10,0,0
674,32,30,15,2.2026921223816998,12000,0,1,0,1
675,48,39,27,58.32574924561156,12000,2,9,0,0
676,18,31,0,84.22307463439479,8000,3,1,1,0
677,20,18,3,54.898044944164184,15000,2,3,0,0
678,33,36,3,21.927396192387572,20000,4,1,0,1
679,40,2,6,3.366917821387272,12000,2,6,1,1
680,28,14,7,21.462807325880284,20000,3,8,0,1
681,29,13,16,41.61214280710923,12000,3,6,0,0
682,27,29,4,75.96114286997965,20000,3,5,0,1
683,49,12,6,18.784285253777412,15000,4,9,0,1
684,33,39,27,71.97914533546862,8000,3,0,0,0
685,25,2,19,86.69334683518836,15000,0,10,0,0
686,55,32,28,45.394684810835706,5000,3,9,0,0
687,29,13,19,82.14319916425933,8000,2,8,1,0
688,41,46,3,55.46573480350956,15000,5,4,0,1
689,45,27,27,63.709083708090496,5000,2,10,0,0
690,25,41,5,52.62784603382027,12000,5,4,0,1
691,45,17,6,46.31727167513417,12000,2,5,0,0
692,53,40,17,23.465344177584935,20000,4,8,0,0
693,43,31,30,30.319405946104606,8000,2,7,0,0
694,25,34,4,28.997011894360902,12000,4,7,0,0
695,45,24,19,56.328893095381474,8000,4,7,0,0
696,45,45,30,11.995369302388992,12000,3,0,0,1
697,54,35,29,91.67916907023351,20000,0,0,0,0
698,58,6,28,72.06551452831133,15000,5,7,0,0
699,53,19,2,40.14456309131936,20000,3,4,0,1
700,44,30,6,15.862414452637797,5000,3,8,0,0
701,34,7,26,88.19921697216358,12000,4,1,1,1
702,26,10,27,82.37780901011652,5000,4,8,0,0
703,50,41,21,72.17215527171793,5000,5,7,0,0
704,37,32,13,27.154704741124235,8000,2,8,0,0
705,30,34,6,40.24466374336689,12000,2,3,0,1
706,45,28,4,10.274825245242337,5000,3,0,0,1
707,46,15,28,18.903952472753172,15000,1,0,0,1
708,30,30,21,78.30166373167329,5000,1,4,0,0
709,63,37,4,71.50387188506838,15000,2,1,0,1
710,52,29,29,59.34857629759347,8000,1,7,0,0
711,23,22,22,89.57267259261728,5000,2,9,0,0
712,35,4,1,58.32665178130454,20000,4,10,0,0
713,22,20,29,46.69679999636107,8000,3,4,0,0
714,64,32,26,34.03707463057627,15000,0,4,1,0
715,42,36,20,94.04485057361725,8000,3,1,0,0
716,19,4,21,8.271546152435349,5000,2,6,0,1
717,27,27,5,93.08873720608084,12000,2,7,0,0
718,47,17,14,82.67146599310183,12000,3,9,0,0
719,62,12,20,12.992992453570128,15000,5,0,0,1
720,22,22,9,56.49843576752536,15000,2,1,0,1
721,50,17,22,86.65479817490869,12000,1,9,0,0
722,18,10,25,57.18091636071537,15000,1,3,0,0
723,35,1,23,90.71998215606223,8000,2,4,1,0
724,49,22,6,94.29838168160425,20000,2,1,0,0
725,64,26,4,42.23845221843059,20000,5,0,0,1
726,28,18,0,37.73136614063236,8000,1,8,1,0
727,38,14,12,93.63211539691568,20000,2,0,1,1
728,43,47,20,67.5140061149668,5000,2,3,0,0
729,42,29,25,11.602268134816928,8000,5,1,0,1
730,39,12,17,4.22917492226812,15000,5,10,1,0
731,44,36,12,56.46290509972631,8000,3,3,0,0
732,30,35,20,93.01709654384246,12000,5,7,0,0
733,50,12,20,84.42487024058184,15000,0,7,0,0
734,51,7,17,67.58477464643364,12000,1,10,0,0
735,58,29,4,13.911584889108752,15000,3,8,0,1
736,52,11,12,25.42313837486956,20000,0,10,0,0
737,18,33,3,87.55112265526162,8000,2,4,0,0
738,38,6,16,18.280723665690047,5000,2,6,0,0
739,23,47,2,27.843940825043457,15000,3,2,0,1
740,45,15,16,12.960065119544195,15000,5,9,1,0
741,34,32,27,67.61082314144112,12000,2,3,1,0
742,22,11,10,94.39823053632097,20000,4,9,0,0
743,48,23,30,26.896803159538596,12000,3,8,0,0
744,22,26,20,47.54066078500737,12000,0,9,0,0
745,55,34,19,63.43397397112043,20000,3,9,0,0
746,20,46,22,99.94662482156306,5000,1,0,0,0
747,40,34,20,10.480806499757211,12000,5,1,0,1
748,54,29,25,49.85707995057091,12000,5,4,1,0
749,54,4,29,38.51201199025,15000,3,2,0,0
750,27,17,3,86.58201652223552,20000,2,1,0,1
751,27,35,1,47.59677310116559,8000,2,0,0,1
752,36,13,19,11.097752458514808,5000,4,9,0,0
753,34,41,15,63.44241452865836,5000,4,2,0,0
754,38,39,27,77.07806182638798,20000,5,0,0,1
755,31,15,17,0.28812516656145926,15000,4,0,0,1
756,26,29,7,85.89566854206295,15000,0,0,1,0
757,63,29,2,18.60230000056656,20000,4,7,0,1
758,18,11,8,55.20693646533778,15000,0,2,1,1
759,62,32,28,41.579750068745014,5000,4,10,0,0
760,30,2,19,71.96538166105304,5000,5,0,0,1
761,21,47,28,37.116161478574185,8000,5,6,0,0
762,18,14,5,86.97631766817108,20000,0,9,0,0
763,57,20,9,73.04963609587902,12000,3,2,0,1
764,49,22,20,64.77131710629214,12000,5,7,0,0
765,51,11,9,79.62405955628543,8000,3,3,0,0
766,45,27,12,75.40230349283823,8000,2,3,0,0
767,48,3,16,3.5938674921553337,15000,0,4,0,1
768,25,17,8,39.47343538448281,8000,5,5,0,0
769,56,44,16,93.08072973164899,8000,1,6,0,0
770,43,28,23,12.572426899222622,12000,2,3,0,1
771,51,29,8,73.70965504320512,15000,3,7,0,1
772,20,21,8,97.45918113353297,8000,5,5,1,0
773,29,47,0,5.219862904497163,8000,0,0,0,1
774,18,16,1,68.21938806266104,15000,4,0,0,1
775,61,37,27,46.815414130103036,20000,1,8,0,1
776,22,20,15,57.917525537472216,15000,3,9,0,0
777,47,6,28,8.534133648432485,12000,2,5,0,1
778,47,19,0,4.3006951866939485,20000,0,9,1,0
779,34,5,9,66.68666605509218,5000,1,7,1,0
780,64,3,17,82.33094298207179,15000,0,6,0,0
781,40,1,25,78.20153349329672,12000,5,5,0,0
782,32,38,27,54.38057278662374,20000,4,3,0,1
783,54,15,7,9.986682113617817,15000,2,6,0,0
784,38,34,20,68.80444438360138,8000,0,8,0,0
785,31,35,27,24.188888355414594,15000,3,10,0,0
786,19,25,10,91.10687027673836,5000,5,9,0,0
787,28,24,22,83.82653595457049,15000,5,9,1,0
788,56,12,1,70.93829670873909,20000,2,6,0,0
789,55,18,7,94.88459558311304,20000,5,0,0,1
790,51,15,26,3.142182151127293,15000,3,9,1,0
791,55,44,21,73.6200425060762,20000,0,8,0,0
792,51,16,7,33.02427793364053,8000,2,3,1,0
793,35,27,16,90.60658856863652,15000,5,2,0,0
794,47,8,14,26.66751966619776,8000,5,3,0,0
795,32,46,16,72.48564993150171,8000,3,3,1,0
796,44,25,27,87.76470196507815,12000,4,9,0,0
797,51,17,22,4.165681838268243,15000,4,10,0,0
798,55,29,23,39.764757959203614,20000,5,1,0,1
799,50,8,12,76.23090320219387,8000,0,0,0,0
800,41,15,18,45.49188895075871,12000,2,9,0,0
801,32,27,4,26.72526297935953,15000,5,0,1,1
802,47,46,11,21.980534882319002,15000,1,7,1,1
803,59,7,0,13.15182669163779,5000,2,1,1,1
804,34,3,22,85.71295598562823,5000,4,9,0,0
805,22,29,4,57.5355403251556,8000,5,4,0,1
806,46,44,7,7.638494499145598,5000,3,3,0,1
807,21,24,12,38.25803235706354,8000,1,7,1,0
808,27,3,7,36.77336508051099,20000,5,1,0,1
809,34,20,24,18.173919070946297,8000,0,9,0,0
810,27,46,22,43.550762547219065,5000,1,8,0,0
811,34,15,10,33.209936539313645,20000,5,6,0,0
812,37,25,0,34.18037054921825,5000,0,6,0,0
813,41,30,12,73.90265577879586,8000,1,0,1,0
814,22,14,18,22.32633855051963,12000,0,1,1,0
815,51,7,23,64.18599588553555,15000,0,3,0,0
816,23,17,2,57.06496238809349,5000,1,3,0,0
817,19,44,23,56.809251233786725,8000,1,10,1,0
818,30,20,16,66.30073461417759,20000,0,2,0,1
819,60,36,4,54.8382036195654,5000,4,6,0,0
820,60,9,19,87.92551148463846,5000,1,7,0,0
821,28,38,20,67.55800919502597,15000,5,1,0,1
822,64,22,7,54.696325137138814,8000,2,3,0,0
823,40,2,25,82.97631202876448,12000,3,2,0,0
824,33,24,30,60.61465649334797,20000,0,1,0,1
825,48,8,13,29.1144247785179,8000,0,5,0,0
826,28,11,3,20.70949181765712,20000,3,3,1,1
827,33,13,10,15.232778566267879,5000,4,5,1,0
828,25,17,19,89.94552125461016,15000,3,1,1,0
829,21,8,14,71.01354317980658,15000,1,3,0,0
830,57,21,18,93.73784381643208,12000,3,10,0,0
831,21,18,6,60.3291805714943,15000,0,5,0,0
832,42,30,18,47.34008814949126,5000,3,4,1,0
833,20,18,27,5.971648897088933,12000,2,2,0,1
834,49,46,18,67.16422815460298,8000,5,7,0,0
835,20,47,10,58.220875976823116,15000,1,6,0,0
836,44,31,25,99.02088935876215,12000,3,2,0,0
837,46,38,4,23.915877778224303,5000,0,5,0,1
838,49,32,4,53.073735528683585,20000,5,3,1,1
839,36,11,29,65.09573351180727,20000,1,10,1,0
840,38,45,21,64.45911747423436,5000,0,4,0,0
841,22,25,7,56.12935429484027,5000,4,10,1,0
842,35,33,9,77.69280103272254,20000,2,4,0,0
843,45,38,5,20.498120952681642,12000,4,6,0,1
844,59,41,14,72.56272002744159,20000,2,10,0,0
845,39,8,15,61.97345714330892,5000,3,4,0,0
846,38,11,27,89.60751117945733,15000,1,10,0,0
847,23,22,16,84.71944390335817,8000,3,2,1,0
848,18,24,30,31.514703913255325,15000,2,9,0,0
849,22,41,7,27.623732497515306,15000,2,4,0,1
850,58,17,7,98.16533238524478,5000,2,6,0,0
851,29,12,24,52.726518091525655,20000,5,4,1,1
852,43,46,8,90.64209639144369,12000,0,4,0,0
853,63,32,1,16.38810237804822,15000,1,8,0,0
854,51,15,14,64.28189148001742,20000,3,2,0,0
855,31,16,17,80.98601873605861,12000,3,5,0,0
856,43,22,2,94.73952495864468,15000,4,0,0,1
857,62,28,16,33.73401410170235,12000,2,9,0,0
858,44,20,3,72.49811699240524,20000,2,4,0,0
859,26,33,29,53.8813009039619,8000,2,7,0,0
860,43,10,3,6.06289260664682,20000,3,4,1,1
861,64,40,13,68.99997373089434,5000,4,8,0,0
862,39,32,8,69.00965582378434,12000,0,10,0,0
863,64,33,8,93.0606804846537,8000,5,5,1,0
864,47,2,24,49.73124461689724,12000,1,7,0,0
865,60,33,25,23.025092071051468,12000,0,9,1,0
866,34,33,22,4.456382344867915,15000,3,7,0,1
867,43,41,29,41.56421866859057,5000,5,2,0,0
868,53,13,30,30.191670007750183,12000,5,6,0,0
869,18,30,17,76.10883060238756,20000,5,6,1,1
870,25,33,9,35.426776484104664,20000,2,9,0,0
871,52,13,20,94.90711963148439,15000,1,5,0,0
872,32,26,3,96.23102029877842,5000,3,6,1,0
873,64,22,11,62.090859021770804,5000,3,1,0,1
874,39,39,26,92.86602870148829,20000,5,8,0,0
875,31,2,7,76.08543445144956,8000,3,9,0,0
876,43,38,1,54.68596409751262,15000,1,9,0,0
877,45,39,21,18.030793542277813,15000,1,0,0,1
878,40,26,12,45.859794351384,20000,4,0,0,1
879,31,46,20,56.087446336261756,20000,4,2,0,1
880,41,15,30,86.39615807350101,8000,0,2,0,0
881,19,34,15,48.133337653566485,8000,1,0,1,0
882,62,42,27,89.76746726779567,5000,1,6,1,0
883,43,44,1,67.43489790234689,15000,1,3,0,0
884,31,40,10,13.699906305367138,15000,4,9,1,1
885,24,11,9,99.4981369325093,20000,5,1,0,0
886,20,3,14,52.723266075391265,5000,5,9,0,0
887,64,6,16,39.18582964090789,15000,3,4,0,1
888,40,9,7,65.91137644695266,5000,5,5,0,0
889,63,6,17,10.889331398103907,5000,2,8,0,0
890,60,9,22,63.653864675335434,20000,4,3,1,1
891,64,39,8,49.82360004992729,5000,1,1,0,0
892,62,31,24,40.667406999858315,8000,5,4,1,0
893,35,32,7,95.30200211788991,8000,4,2,0,0
894,55,41,26,52.25397167320532,12000,5,1,0,0
895,52,12,13,21.91174794699384,20000,0,0,0,1
896,32,8,27,45.896347937729864,12000,1,9,0,0
897,42,8,25,91.93874045726727,8000,0,1,0,0
898,54,28,24,17.609547133059465,12000,1,5,0,1
899,45,20,17,21.39570386882369,20000,4,7,0,0
900,27,47,21,1.3029567757083749,20000,3,2,0,1
901,56,7,19,1.419004939576718,5000,5,10,0,1
902,34,11,29,82.93916269585125,15000,5,8,0,0
903,56,20,19,73.21226068429559,5000,2,8,1,0
904,39,16,20,35.50410564519583,20000,0,1,0,1
905,43,4,11,69.83111572275727,8000,5,7,0,1
906,61,6,18,39.52059263099702,8000,4,9,1,0
907,42,22,13,95.28967959978274,5000,3,10,0,0
908,34,26,16,96.70526814260349,20000,4,4,0,1
909,30,3,23,39.27937758093434,8000,0,3,1,0
910,37,41,20,85.4221906340868,20000,2,9,0,0
911,42,42,2,77.30890416974661,8000,5,4,0,0
912,21,14,25,30.99999371717893,20000,4,3,0,1
913,27,11,29,23.2039828901106,12000,1,7,1,0
914,20,18,22,45.823465039283384,20000,3,3,1,1
915,58,12,6,78.13488406144063,20000,4,9,0,0
916,62,23,16,96.01677847287455,5000,3,5,0,0
917,35,12,11,76.35790688665726,12000,5,1,0,0
918,64,13,8,85.520698501837,15000,1,4,0,0
919,53,25,14,60.30643061705165,5000,2,5,0,1
920,64,45,17,83.54078308421259,15000,2,4,0,1
921,39,19,20,78.44208580034177,8000,1,1,1,0
922,51,46,12,37.69855419262801,15000,3,6,1,1
923,64,36,29,55.19903021207211,20000,5,3,0,0
924,25,45,20,80.47531219896949,15000,4,7,0,0
925,57,8,29,4.605673418995638,5000,1,6,0,0
926,61,29,7,80.80792823558299,5000,0,6,0,0
927,36,32,13,17.788812404902345,15000,3,8,0,0
928,59,44,7,51.468361712143896,5000,2,0,1,1
929,58,18,13,80.82754395559377,5000,1,9,0,0
930,54,6,6,25.382107815669485,15000,2,5,0,1
931,23,18,22,24.580743930615302,12000,3,5,0,0
932,43,19,11,40.27643984622519,12000,2,5,0,0
933,51,22,10,89.46427975776345,8000,1,5,0,0
934,62,37,21,0.04427814372078842,5000,3,9,0,0
935,23,32,21,90.1383096641935,15000,0,6,0,0
936,54,41,10,15.380702464160779,5000,1,9,1,0
937,50,3,24,99.00863760674821,20000,4,5,0,0
938,39,28,21,95.48469930384681,5000,5,0,0,0
939,38,10,27,49.467518959128334,5000,1,2,0,0
940,23,35,28,51.272024781262814,12000,3,1,0,0
941,23,29,12,48.154934027585426,15000,5,5,0,0
942,21,15,17,63.54436456595226,5000,1,7,0,0
943,47,33,1,9.072170223493103,12000,0,2,0,1
944,28,7,28,3.2617948341566505,8000,0,9,0,0
945,47,12,20,5.770292841589885,12000,4,7,0,0
946,48,30,14,44.43653492415144,12000,2,7,0,0
947,41,21,19,27.554793921948338,12000,5,4,1,1
948,26,31,26,62.203956237099376,5000,3,7,0,0
949,20,24,17,99.2442289374779,5000,3,5,0,0
950,48,20,30,38.63231730764659,8000,2,4,0,0
951,57,37,14,57.38412541045134,20000,0,8,0,1
952,54,4,18,41.56038959073355,20000,0,6,1,0
953,53,28,22,84.72716677218594,20000,1,7,0,0
954,41,44,23,90.22364034622382,8000,4,0,1,0
955,48,20,11,87.73556122052601,20000,5,10,1,0
956,23,24,12,97.43722386792577,20000,4,1,0,1
957,19,32,21,2.751918514041529,12000,4,7,0,1
958,37,41,10,83.9816162145531,5000,1,8,0,0
959,45,36,4,75.17721730390933,5000,4,3,1,0
960,28,34,28,22.86944094003648,12000,2,9,0,0
961,21,36,0,95.63200933875275,12000,1,10,0,0
962,32,2,23,14.817792822994546,12000,2,9,0,1
963,23,15,2,67.95499271339084,5000,1,8,0,0
964,47,34,30,22.489021681591247,20000,4,3,0,1
965,55,36,21,43.138064877407466,12000,2,9,0,0
966,19,6,18,71.9159896944569,8000,2,9,0,0
967,32,39,22,56.33246420330467,12000,2,9,1,0
968,28,42,28,42.75018313281117,15000,1,8,0,0
969,25,12,29,32.63384309319872,12000,3,10,0,0
970,43,3,6,83.96596557087904,5000,4,6,0,1
971,62,45,11,14.38143503148137,12000,2,1,0,1
972,61,18,14,43.010287652980004,15000,5,8,0,0
973,22,40,24,90.37575717751422,8000,3,3,0,0
974,23,21,4,84.58495504599676,20000,5,7,0,1
975,43,15,14,40.09417624730467,12000,4,6,0,1
976,21,33,7,76.31083636013084,15000,4,6,0,0
977,36,35,9,82.31608307088592,15000,2,7,0,0
978,37,26,25,88.88874240036297,8000,2,0,0,0
979,50,8,15,54.4505769049228,5000,1,4,0,1
980,37,36,7,20.44608860547118,12000,3,1,0,0
981,29,30,0,25.530907650393164,15000,3,1,0,1
982,64,23,11,29.56946740416042,8000,2,0,0,1
983,18,42,4,59.38024808096155,20000,4,4,0,1
984,43,44,2,3.280962412860844,15000,2,1,1,1
985,31,14,0,63.60424687799683,8000,4,3,1,1
986,55,14,3,36.4354238428232,5000,4,2,0,1
987,54,2,7,29.524180248964214,5000,2,2,0,0
988,28,37,2,87.94965707281264,15000,0,1,1,0
989,53,5,9,46.00023955807989,15000,3,5,0,1
990,30,38,1,9.505304553269278,12000,5,1,0,1
991,60,45,10,82.6746768026247,8000,4,7,1,0
992,20,41,24,4.76412574365066,15000,4,7,0,0
993,50,47,9,72.67492241681967,12000,0,4,0,0
994,23,14,20,77.39062217706652,12000,5,9,0,0
995,27,39,13,35.260260592885814,15000,1,6,0,0
996,22,25,6,82.47878562777868,5000,0,3,0,0
997,40,20,26,51.56594058564534,8000,5,0,0,0
998,27,2,26,46.32936532727968,8000,0,10,0,0
999,61,39,1,4.540328146869255,5000,4,1,0,1
1000,19,6,8,29.002919364890587,15000,3,9,0,0
